habitat,herbivory_type,response,SE,df,lower.CL,upper.CL
Forest,sap_miner_herbivory,0.011016535685496973,0.0012946988363883947,1720,0.008746199376700969,0.013867960378011657
Savanna,sap_miner_herbivory,0.021463476871430087,0.0016957530181355841,1720,0.018377799722705385,0.02505402337611267
Thicket,sap_miner_herbivory,0.012119461531073152,0.0011803347588014788,1720,0.01000998977792986,0.014666890313955436
Forest,chew_herbivory,0.05010239926497493,0.004846189317671556,1720,0.04140749925581748,0.060507840055994536
Savanna,chew_herbivory,0.03512680261196817,0.0025967208838765564,1720,0.030374645653494042,0.040591317060814466
Thicket,chew_herbivory,0.03371647314097381,0.0028928757621619196,1720,0.02848093064807001,0.03987494384576114
