herbivory_type,habitat,response,SE,df,lower.CL,upper.CL
sap_miner_herbivory,Forest,0.010229456760374471,0.0019269633450531216,364,0.007058297371415277,0.014804116053517476
chew_herbivory,Forest,0.040561895339612485,0.005173426659555946,364,0.031525115741347726,0.05204987782487265
sap_miner_herbivory,Savanna,0.022167407788907995,0.0024482072813289592,364,0.017831034250050483,0.027528796595497493
chew_herbivory,Savanna,0.026001574751195203,0.0028940600185623187,364,0.02087772287891119,0.03234139575779083
sap_miner_herbivory,Thicket,0.008628400857088301,0.001170693970593184,364,0.006605889798126464,0.011263118957352417
chew_herbivory,Thicket,0.029452461966371232,0.0028914873858620614,364,0.02426863811546884,0.035703043398851705
