herbivory_type,habitat,response,SE,df,lower.CL,upper.CL
sap_min_perc,Forest,0.010820391985275882,0.002011717897128138,364,0.007502016009839011,0.015583542537089306
chew_perc,Forest,0.042879105248463445,0.005402805666343639,364,0.03342590499837036,0.05485404890145922
sap_min_perc,Savanna,0.022530271410518346,0.002472001977324708,364,0.01814865012369694,0.027939643404732862
chew_perc,Savanna,0.025830581093509247,0.002878668372832472,364,0.020734731158702478,0.03213770664507486
sap_min_perc,Thicket,0.008760729718471796,0.0011763425473976328,364,0.006725761740416913,0.01140433484647657
chew_perc,Thicket,0.030949351952575737,0.002996036185961763,364,0.025570546174504806,0.037416153167408164
