habitat,herbivory_type,response,SE,df,lower.CL,upper.CL
Forest,sap_min_perc,0.010625690222167382,0.0012770221821972439,1720,0.008392000687884761,0.013445856691537273
Savanna,sap_min_perc,0.02144096511816814,0.0017482488176091,1720,0.018267318301039386,0.025151854996508183
Thicket,sap_min_perc,0.011870003405398786,0.001181708140470881,1720,0.009762412923947313,0.01442596937351173
Forest,chew_perc,0.053525327713320255,0.005218513817193036,1720,0.044166088186102175,0.06473356492401017
Savanna,chew_perc,0.03432666641767633,0.002634076022684791,1720,0.029518993246945516,0.03988517093467914
Thicket,chew_perc,0.03411305999096759,0.0029961745619022833,1720,0.02870059735667995,0.04050366067326199
